"#","Page Name","URL","SEO Issues","--- CURRENT SEO ---","Current Meta Title","Current Meta Title Length","Current Meta Description","Current Meta Desc Length","Current Keywords","Current H1 Tag","Current H2 Tags","Canonical URL","Has Metadata Export","--- RECOMMENDED SEO ---","Recommended Meta Title","Recommended Meta Title Length","Recommended Meta Description","Recommended Meta Desc Length","Focus Keyword","Recommended H1","File Path"
"1","Home","https://www.mbawizards.co.in/","NO META TITLE, NO META DESC, NO H1 IN PAGE","","","0","","0","","","","https://www.mbawizards.co.in/","YES","","Best GMAT Coaching in India | #1 MBA Admissions Prep | MBA Wizards","66","MBA Wizards offers India's top GMAT, GRE & CAT coaching with IIT alumni mentors. 700+ GMAT scorers, personalized plans & real results. Book free session today!","159","GMAT coaching India","India's #1 GMAT, GRE & MBA Admissions Coaching","/src/app/(home)/page.tsx"
"2","About Us","https://www.mbawizards.co.in/about-us","NO META TITLE, NO META DESC, NO H1 IN PAGE","","","0","","0","","","","https://www.mbawizards.co.in/about-us","YES","","About MBA Wizards | IIT Alumni GMAT & MBA Mentors","49","Meet the team behind MBA Wizards – IIT Roorkee alumni and top-rated mentors with 15+ years helping students crack GMAT 700+, IIM interviews & global MBA admissions.","164","MBA Wizards about us","About MBA Wizards – Mentors Who've Been There","/src/app/about-us/page.tsx"
"3","Blog","https://www.mbawizards.co.in/blog","NO META TITLE, NO META DESC, NO H1 IN PAGE","","","0","","0","","","","https://www.mbawizards.co.in/blog","NO","","","0","","0","blog","","/src/app/blog/page.tsx"
"4","[Slug]","https://www.mbawizards.co.in/blog/[slug]","NO META TITLE, NO META DESC, NO H1 IN PAGE","","","0","","0","","","","https://www.mbawizards.co.in/blog/[slug]","NO","","","0","","0","blog [slug]","","/src/app/blog/[slug]/page.tsx"
"5","Blogs","https://www.mbawizards.co.in/blogs","DESC TOO LONG (>165)","","MBA Preparation Blog & Admissions Insights | MBA Wizards","56","Explore 100+ expert guides on GMAT Focus Edition, GRE strategies, CAT preparation, top MBA interview questions, application essays, and success stories by IIT Roorkee alumni.","174","","Expert Insights, Test Strategies &amp; Admissions Playbooks","","https://www.mbawizards.co.in/blogs","YES","","MBA & GMAT Blog | Expert Tips, Guides & Interview Prep | MBA Wizards","68","Read expert articles on GMAT prep, MBA interviews, IIM admissions, and test strategies from MBA Wizards faculty. 100+ guides updated for 2025-26.","145","GMAT MBA blog tips","GMAT & MBA Preparation Blog","/src/app/blogs/page.tsx"
"6","[Slug]","https://www.mbawizards.co.in/blogs/[slug]","NO META TITLE, NO META DESC, NO H1 IN PAGE","","","0","","0","","","","https://www.mbawizards.co.in/blogs/[slug]","NO","","","0","","0","blogs [slug]","","/src/app/blogs/[slug]/page.tsx"
"7","Cat 2025","https://www.mbawizards.co.in/cat-2025","NO META TITLE, NO META DESC, NO H1 IN PAGE","","","0","","0","","","","https://www.mbawizards.co.in/cat-2025","YES","","CAT 2025 Coaching | IIM Preparation | MBA Wizards","49","Prepare for CAT 2025 with MBA Wizards. Expert faculty, mock tests, and personalized mentoring to help you crack IIMs. Start your CAT journey today!","147","CAT 2025 coaching","CAT 2025 Coaching – Your Path to IIM","/src/app/cat-2025/page.tsx"
"8","Cat Coaching In Chandigarh","https://www.mbawizards.co.in/cat-coaching-in-chandigarh","NO META TITLE, NO META DESC, NO H1 IN PAGE","","","0","","0","","","","https://www.mbawizards.co.in/cat-coaching-in-chandigarh","YES","","Best CAT Coaching in Chandigarh 2025 | MBA Wizards","50","Join MBA Wizards' CAT coaching in Chandigarh. IIT alumni mentors, flexible batch timings, 700+ CAT targets & personalized study plans. Free demo session!","153","CAT coaching in Chandigarh","Best CAT Coaching in Chandigarh – MBA Wizards","/src/app/cat-coaching-in-chandigarh/page.tsx"
"9","Cat Coaching In Delhi","https://www.mbawizards.co.in/cat-coaching-in-delhi","NO META TITLE, NO META DESC, NO H1 IN PAGE","","","0","","0","","","","https://www.mbawizards.co.in/cat-coaching-in-delhi","YES","","Best CAT Coaching in Delhi 2025 | MBA Wizards","45","Join MBA Wizards' CAT coaching in Delhi. IIT alumni mentors, flexible batch timings, 700+ CAT targets & personalized study plans. Free demo session!","148","CAT coaching in Delhi","Best CAT Coaching in Delhi – MBA Wizards","/src/app/cat-coaching-in-delhi/page.tsx"
"10","Cat Coaching In Gurgaon","https://www.mbawizards.co.in/cat-coaching-in-gurgaon","NO META TITLE, NO META DESC, NO H1 IN PAGE","","","0","","0","","","","https://www.mbawizards.co.in/cat-coaching-in-gurgaon","YES","","Best CAT Coaching in Gurgaon 2025 | MBA Wizards","47","Join MBA Wizards' CAT coaching in Gurgaon. IIT alumni mentors, flexible batch timings, 700+ CAT targets & personalized study plans. Free demo session!","150","CAT coaching in Gurgaon","Best CAT Coaching in Gurgaon – MBA Wizards","/src/app/cat-coaching-in-gurgaon/page.tsx"
"11","Cat Coaching In Hyderabad","https://www.mbawizards.co.in/cat-coaching-in-hyderabad","NO META TITLE, NO META DESC, NO H1 IN PAGE","","","0","","0","","","","https://www.mbawizards.co.in/cat-coaching-in-hyderabad","YES","","Best CAT Coaching in Hyderabad 2025 | MBA Wizards","49","Join MBA Wizards' CAT coaching in Hyderabad. IIT alumni mentors, flexible batch timings, 700+ CAT targets & personalized study plans. Free demo session!","152","CAT coaching in Hyderabad","Best CAT Coaching in Hyderabad – MBA Wizards","/src/app/cat-coaching-in-hyderabad/page.tsx"
"12","Cat Coaching In Mumbai","https://www.mbawizards.co.in/cat-coaching-in-mumbai","NO META TITLE, NO META DESC, NO H1 IN PAGE","","","0","","0","","","","https://www.mbawizards.co.in/cat-coaching-in-mumbai","YES","","Best CAT Coaching in Mumbai 2025 | MBA Wizards","46","Join MBA Wizards' CAT coaching in Mumbai. IIT alumni mentors, flexible batch timings, 700+ CAT targets & personalized study plans. Free demo session!","149","CAT coaching in Mumbai","Best CAT Coaching in Mumbai – MBA Wizards","/src/app/cat-coaching-in-mumbai/page.tsx"
"13","Cat Coaching In Noida","https://www.mbawizards.co.in/cat-coaching-in-noida","NO META TITLE, NO META DESC, NO H1 IN PAGE","","","0","","0","","","","https://www.mbawizards.co.in/cat-coaching-in-noida","YES","","Best CAT Coaching in Noida 2025 | MBA Wizards","45","Join MBA Wizards' CAT coaching in Noida. IIT alumni mentors, flexible batch timings, 700+ CAT targets & personalized study plans. Free demo session!","148","CAT coaching in Noida","Best CAT Coaching in Noida – MBA Wizards","/src/app/cat-coaching-in-noida/page.tsx"
"14","Cat Coaching In Pune","https://www.mbawizards.co.in/cat-coaching-in-pune","NO META TITLE, NO META DESC, NO H1 IN PAGE","","","0","","0","","","","https://www.mbawizards.co.in/cat-coaching-in-pune","YES","","Best CAT Coaching in Pune 2025 | MBA Wizards","44","Join MBA Wizards' CAT coaching in Pune. IIT alumni mentors, flexible batch timings, 700+ CAT targets & personalized study plans. Free demo session!","147","CAT coaching in Pune","Best CAT Coaching in Pune – MBA Wizards","/src/app/cat-coaching-in-pune/page.tsx"
"15","Contact Us","https://www.mbawizards.co.in/contact-us","NO META TITLE, NO META DESC, NO H1 IN PAGE","","","0","","0","","","","https://www.mbawizards.co.in/contact-us","YES","","Contact MBA Wizards | Free GMAT & MBA Counselling","49","Get in touch with MBA Wizards for GMAT, GRE, CAT coaching and MBA admissions counselling. Free strategy session available. Call or WhatsApp us today!","149","contact MBA Wizards","Contact MBA Wizards – Free Counselling Session","/src/app/contact-us/page.tsx"
"16","Corporate Training","https://www.mbawizards.co.in/corporate-training","NO META TITLE, NO META DESC, NO H1 IN PAGE","","","0","","0","","","","https://www.mbawizards.co.in/corporate-training","YES","","Corporate GMAT & MBA Training Programs | MBA Wizards","52","MBA Wizards offers corporate training programs for GMAT, leadership & MBA prep. Customized batch solutions for companies. Enquire now!","134","corporate GMAT training","Corporate Training – GMAT & MBA Programs","/src/app/corporate-training/page.tsx"
"17","Education Loan","https://www.mbawizards.co.in/education-loan","NO META TITLE, NO META DESC, NO H1 IN PAGE","","","0","","0","","","","https://www.mbawizards.co.in/education-loan","YES","","MBA Education Loan Guide 2025 | MBA Wizards","43","Explore education loan options for MBA programs in India and abroad. MBA Wizards guides you through top banks, NBFCs and scholarship options.","141","MBA education loan","MBA Education Loan – Complete Guide 2025","/src/app/education-loan/page.tsx"
"18","Gmat Cat Coaching","https://www.mbawizards.co.in/gmat-cat-coaching","NO META TITLE, NO META DESC, NO H1 IN PAGE","","","0","","0","","","","https://www.mbawizards.co.in/gmat-cat-coaching","YES","","GMAT & CAT Coaching 2025 | MBA Wizards","38","Score 700+ on GMAT and 99th %ile on CAT with MBA Wizards' integrated coaching. IIT alumni mentors, personalized plans & proven results.","135","GMAT CAT coaching","GMAT & CAT Coaching – Dual Exam Mastery","/src/app/gmat-cat-coaching/page.tsx"
"19","Gmat Cat Coaching In Bangalore","https://www.mbawizards.co.in/gmat-cat-coaching-in-bangalore","NO META TITLE, NO META DESC, NO H1 IN PAGE","","","0","","0","","","","https://www.mbawizards.co.in/gmat-cat-coaching-in-bangalore","YES","","Best GMAT & CAT Coaching in Bangalore 2025 | MBA Wizards","56","Join MBA Wizards' GMAT & CAT coaching in Bangalore. IIT alumni mentors, flexible batch timings, 700+ GMAT & CAT targets & personalized study plans. Free demo session!","166","GMAT & CAT coaching in Bangalore","Best GMAT & CAT Coaching in Bangalore – MBA Wizards","/src/app/gmat-cat-coaching-in-bangalore/page.tsx"
"20","Gmat Cat Coaching In Chandigarh","https://www.mbawizards.co.in/gmat-cat-coaching-in-chandigarh","NO META TITLE, NO META DESC, NO H1 IN PAGE","","","0","","0","","","","https://www.mbawizards.co.in/gmat-cat-coaching-in-chandigarh","YES","","Best GMAT & CAT Coaching in Chandigarh 2025 | MBA Wizards","57","Join MBA Wizards' GMAT & CAT coaching in Chandigarh. IIT alumni mentors, flexible batch timings, 700+ GMAT & CAT targets & personalized study plans. Free demo session!","167","GMAT & CAT coaching in Chandigarh","Best GMAT & CAT Coaching in Chandigarh – MBA Wizards","/src/app/gmat-cat-coaching-in-chandigarh/page.tsx"
"21","Gmat Cat Coaching In Chennai","https://www.mbawizards.co.in/gmat-cat-coaching-in-chennai","NO META TITLE, NO META DESC, NO H1 IN PAGE","","","0","","0","","","","https://www.mbawizards.co.in/gmat-cat-coaching-in-chennai","YES","","Best GMAT & CAT Coaching in Chennai 2025 | MBA Wizards","54","Join MBA Wizards' GMAT & CAT coaching in Chennai. IIT alumni mentors, flexible batch timings, 700+ GMAT & CAT targets & personalized study plans. Free demo session!","164","GMAT & CAT coaching in Chennai","Best GMAT & CAT Coaching in Chennai – MBA Wizards","/src/app/gmat-cat-coaching-in-chennai/page.tsx"
"22","Gmat Cat Coaching In Delhi","https://www.mbawizards.co.in/gmat-cat-coaching-in-delhi","NO META TITLE, NO META DESC, NO H1 IN PAGE","","","0","","0","","","","https://www.mbawizards.co.in/gmat-cat-coaching-in-delhi","YES","","Best GMAT & CAT Coaching in Delhi 2025 | MBA Wizards","52","Join MBA Wizards' GMAT & CAT coaching in Delhi. IIT alumni mentors, flexible batch timings, 700+ GMAT & CAT targets & personalized study plans. Free demo session!","162","GMAT & CAT coaching in Delhi","Best GMAT & CAT Coaching in Delhi – MBA Wizards","/src/app/gmat-cat-coaching-in-delhi/page.tsx"
"23","Gmat Cat Coaching In Gurgaon","https://www.mbawizards.co.in/gmat-cat-coaching-in-gurgaon","NO META TITLE, NO META DESC, NO H1 IN PAGE","","","0","","0","","","","https://www.mbawizards.co.in/gmat-cat-coaching-in-gurgaon","YES","","Best GMAT & CAT Coaching in Gurgaon 2025 | MBA Wizards","54","Join MBA Wizards' GMAT & CAT coaching in Gurgaon. IIT alumni mentors, flexible batch timings, 700+ GMAT & CAT targets & personalized study plans. Free demo session!","164","GMAT & CAT coaching in Gurgaon","Best GMAT & CAT Coaching in Gurgaon – MBA Wizards","/src/app/gmat-cat-coaching-in-gurgaon/page.tsx"
"24","Gmat Cat Coaching In Hyderabad","https://www.mbawizards.co.in/gmat-cat-coaching-in-hyderabad","NO META TITLE, NO META DESC, NO H1 IN PAGE","","","0","","0","","","","https://www.mbawizards.co.in/gmat-cat-coaching-in-hyderabad","YES","","Best GMAT & CAT Coaching in Hyderabad 2025 | MBA Wizards","56","Join MBA Wizards' GMAT & CAT coaching in Hyderabad. IIT alumni mentors, flexible batch timings, 700+ GMAT & CAT targets & personalized study plans. Free demo session!","166","GMAT & CAT coaching in Hyderabad","Best GMAT & CAT Coaching in Hyderabad – MBA Wizards","/src/app/gmat-cat-coaching-in-hyderabad/page.tsx"
"25","Gmat Cat Coaching In Mumbai","https://www.mbawizards.co.in/gmat-cat-coaching-in-mumbai","NO META TITLE, NO META DESC, NO H1 IN PAGE","","","0","","0","","","","https://www.mbawizards.co.in/gmat-cat-coaching-in-mumbai","YES","","Best GMAT & CAT Coaching in Mumbai 2025 | MBA Wizards","53","Join MBA Wizards' GMAT & CAT coaching in Mumbai. IIT alumni mentors, flexible batch timings, 700+ GMAT & CAT targets & personalized study plans. Free demo session!","163","GMAT & CAT coaching in Mumbai","Best GMAT & CAT Coaching in Mumbai – MBA Wizards","/src/app/gmat-cat-coaching-in-mumbai/page.tsx"
"26","Gmat Cat Coaching In Noida","https://www.mbawizards.co.in/gmat-cat-coaching-in-noida","NO META TITLE, NO META DESC, NO H1 IN PAGE","","","0","","0","","","","https://www.mbawizards.co.in/gmat-cat-coaching-in-noida","YES","","Best GMAT & CAT Coaching in Noida 2025 | MBA Wizards","52","Join MBA Wizards' GMAT & CAT coaching in Noida. IIT alumni mentors, flexible batch timings, 700+ GMAT & CAT targets & personalized study plans. Free demo session!","162","GMAT & CAT coaching in Noida","Best GMAT & CAT Coaching in Noida – MBA Wizards","/src/app/gmat-cat-coaching-in-noida/page.tsx"
"27","Gmat Cat Coaching In Pune","https://www.mbawizards.co.in/gmat-cat-coaching-in-pune","NO META TITLE, NO META DESC, NO H1 IN PAGE","","","0","","0","","","","https://www.mbawizards.co.in/gmat-cat-coaching-in-pune","YES","","Best GMAT & CAT Coaching in Pune 2025 | MBA Wizards","51","Join MBA Wizards' GMAT & CAT coaching in Pune. IIT alumni mentors, flexible batch timings, 700+ GMAT & CAT targets & personalized study plans. Free demo session!","161","GMAT & CAT coaching in Pune","Best GMAT & CAT Coaching in Pune – MBA Wizards","/src/app/gmat-cat-coaching-in-pune/page.tsx"
"28","Gmat Coaching","https://www.mbawizards.co.in/gmat-coaching","NO META TITLE, NO META DESC, NO H1 IN PAGE","","","0","","0","","","","https://www.mbawizards.co.in/gmat-coaching","YES","","Best GMAT Coaching Classes 2025 | Expert Mentors | MBA Wizards","62","Join MBA Wizards GMAT coaching with IIT alumni mentors. 700+ target scores, flexible online & offline batches, personalized study plans. Free demo available!","157","GMAT coaching classes","Expert GMAT Coaching – Score 700+ with MBA Wizards","/src/app/gmat-coaching/page.tsx"
"29","Gmat Coaching In Bangalore","https://www.mbawizards.co.in/gmat-coaching-in-bangalore","NO META TITLE, NO META DESC, NO H1 IN PAGE","","","0","","0","","","","https://www.mbawizards.co.in/gmat-coaching-in-bangalore","YES","","Best GMAT Coaching in Bangalore 2025 | MBA Wizards","50","Join MBA Wizards' GMAT coaching in Bangalore. IIT alumni mentors, flexible batch timings, 700+ GMAT targets & personalized study plans. Free demo session!","154","GMAT coaching in Bangalore","Best GMAT Coaching in Bangalore – MBA Wizards","/src/app/gmat-coaching-in-bangalore/page.tsx"
"30","Gmat Coaching In Chandigarh","https://www.mbawizards.co.in/gmat-coaching-in-chandigarh","NO META TITLE, NO META DESC, NO H1 IN PAGE","","","0","","0","","","","https://www.mbawizards.co.in/gmat-coaching-in-chandigarh","YES","","Best GMAT Coaching in Chandigarh 2025 | MBA Wizards","51","Join MBA Wizards' GMAT coaching in Chandigarh. IIT alumni mentors, flexible batch timings, 700+ GMAT targets & personalized study plans. Free demo session!","155","GMAT coaching in Chandigarh","Best GMAT Coaching in Chandigarh – MBA Wizards","/src/app/gmat-coaching-in-chandigarh/page.tsx"
"31","Gmat Coaching In Delhi","https://www.mbawizards.co.in/gmat-coaching-in-delhi","NO META TITLE, NO META DESC, NO H1 IN PAGE","","","0","","0","","","","https://www.mbawizards.co.in/gmat-coaching-in-delhi","YES","","Best GMAT Coaching in Delhi 2025 | MBA Wizards","46","Join MBA Wizards' GMAT coaching in Delhi. IIT alumni mentors, flexible batch timings, 700+ GMAT targets & personalized study plans. Free demo session!","150","GMAT coaching in Delhi","Best GMAT Coaching in Delhi – MBA Wizards","/src/app/gmat-coaching-in-delhi/page.tsx"
"32","Gmat Coaching In Gurgaon","https://www.mbawizards.co.in/gmat-coaching-in-gurgaon","NO META TITLE, NO META DESC, NO H1 IN PAGE","","","0","","0","","","","https://www.mbawizards.co.in/gmat-coaching-in-gurgaon","YES","","Best GMAT Coaching in Gurgaon 2025 | MBA Wizards","48","Join MBA Wizards' GMAT coaching in Gurgaon. IIT alumni mentors, flexible batch timings, 700+ GMAT targets & personalized study plans. Free demo session!","152","GMAT coaching in Gurgaon","Best GMAT Coaching in Gurgaon – MBA Wizards","/src/app/gmat-coaching-in-gurgaon/page.tsx"
"33","Gmat Coaching In Hyderabad","https://www.mbawizards.co.in/gmat-coaching-in-hyderabad","NO META TITLE, NO META DESC, NO H1 IN PAGE","","","0","","0","","","","https://www.mbawizards.co.in/gmat-coaching-in-hyderabad","YES","","Best GMAT Coaching in Hyderabad 2025 | MBA Wizards","50","Join MBA Wizards' GMAT coaching in Hyderabad. IIT alumni mentors, flexible batch timings, 700+ GMAT targets & personalized study plans. Free demo session!","154","GMAT coaching in Hyderabad","Best GMAT Coaching in Hyderabad – MBA Wizards","/src/app/gmat-coaching-in-hyderabad/page.tsx"
"34","Gmat Coaching In Mumbai","https://www.mbawizards.co.in/gmat-coaching-in-mumbai","NO META TITLE, NO META DESC, NO H1 IN PAGE","","","0","","0","","","","https://www.mbawizards.co.in/gmat-coaching-in-mumbai","YES","","Best GMAT Coaching in Mumbai 2025 | MBA Wizards","47","Join MBA Wizards' GMAT coaching in Mumbai. IIT alumni mentors, flexible batch timings, 700+ GMAT targets & personalized study plans. Free demo session!","151","GMAT coaching in Mumbai","Best GMAT Coaching in Mumbai – MBA Wizards","/src/app/gmat-coaching-in-mumbai/page.tsx"
"35","Gmat Coaching In Noida","https://www.mbawizards.co.in/gmat-coaching-in-noida","NO META TITLE, NO META DESC, NO H1 IN PAGE","","","0","","0","","","","https://www.mbawizards.co.in/gmat-coaching-in-noida","YES","","Best GMAT Coaching in Noida 2025 | MBA Wizards","46","Join MBA Wizards' GMAT coaching in Noida. IIT alumni mentors, flexible batch timings, 700+ GMAT targets & personalized study plans. Free demo session!","150","GMAT coaching in Noida","Best GMAT Coaching in Noida – MBA Wizards","/src/app/gmat-coaching-in-noida/page.tsx"
"36","Gmat Coaching In Pune","https://www.mbawizards.co.in/gmat-coaching-in-pune","NO META TITLE, NO META DESC, NO H1 IN PAGE","","","0","","0","","","","https://www.mbawizards.co.in/gmat-coaching-in-pune","YES","","Best GMAT Coaching in Pune 2025 | MBA Wizards","45","Join MBA Wizards' GMAT coaching in Pune. IIT alumni mentors, flexible batch timings, 700+ GMAT targets & personalized study plans. Free demo session!","149","GMAT coaching in Pune","Best GMAT Coaching in Pune – MBA Wizards","/src/app/gmat-coaching-in-pune/page.tsx"
"37","Gmat Gre Coaching","https://www.mbawizards.co.in/gmat-gre-coaching","NO META TITLE, NO META DESC, NO H1 IN PAGE","","","0","","0","","","","https://www.mbawizards.co.in/gmat-gre-coaching","YES","","GMAT & GRE Coaching 2025 | IIT Alumni Mentors | MBA Wizards","59","MBA Wizards provides expert GMAT and GRE coaching with IIT alumni mentors. Flexible schedules, 700+ GMAT & 320+ GRE targets. Book your free demo!","145","GMAT GRE coaching","Best GMAT & GRE Coaching in India","/src/app/gmat-gre-coaching/page.tsx"
"38","Gmat Gre Coaching In Gurgaon","https://www.mbawizards.co.in/gmat-gre-coaching-in-gurgaon","NO META TITLE, NO META DESC, NO H1 IN PAGE","","","0","","0","","","","https://www.mbawizards.co.in/gmat-gre-coaching-in-gurgaon","YES","","Best GMAT & GRE Coaching in Gurgaon 2025 | MBA Wizards","54","Join MBA Wizards' GMAT & GRE coaching in Gurgaon. IIT alumni mentors, flexible batch timings, 700+ GMAT & GRE targets & personalized study plans. Free demo session!","164","GMAT & GRE coaching in Gurgaon","Best GMAT & GRE Coaching in Gurgaon – MBA Wizards","/src/app/gmat-gre-coaching-in-gurgaon/page.tsx"
"39","Gmat Preparation","https://www.mbawizards.co.in/gmat-preparation","NO META TITLE, NO META DESC, NO H1 IN PAGE","","","0","","0","","","","https://www.mbawizards.co.in/gmat-preparation","YES","","GMAT Preparation Guide 2025 | Study Plan & Strategy | MBA Wizards","65","Complete GMAT preparation guide by MBA Wizards – study plans, section strategies, practice tests & expert tips for GMAT Focus Edition 2025.","139","GMAT preparation 2025","GMAT Preparation – Complete Strategy Guide 2025","/src/app/gmat-preparation/page.tsx"
"40","Gmat Toppers","https://www.mbawizards.co.in/gmat-toppers","NO META TITLE, NO META DESC, NO H1 IN PAGE","","","0","","0","","","","https://www.mbawizards.co.in/gmat-toppers","YES","","GMAT Toppers & Success Stories 2025 | MBA Wizards","49","Hear from 700+ GMAT scorers trained by MBA Wizards. Read real success stories, scores achieved & how our mentors helped them crack top MBA programs.","148","GMAT toppers success stories","GMAT Toppers – Real Students, Real Results","/src/app/gmat-toppers/page.tsx"
"41","Gmatgre Coaching In Bangalore","https://www.mbawizards.co.in/gmatgre-coaching-in-bangalore","NO META TITLE, NO META DESC, NO H1 IN PAGE","","","0","","0","","","","https://www.mbawizards.co.in/gmatgre-coaching-in-bangalore","YES","","Best GMATGRE Coaching in Bangalore 2025 | MBA Wizards","53","Join MBA Wizards' GMATGRE coaching in Bangalore. IIT alumni mentors, flexible batch timings, 700+ GMATGRE targets & personalized study plans. Free demo session!","160","GMATGRE coaching in Bangalore","Best GMATGRE Coaching in Bangalore – MBA Wizards","/src/app/gmatgre-coaching-in-bangalore/page.tsx"
"42","Gmatgre Coaching In Chandigarh","https://www.mbawizards.co.in/gmatgre-coaching-in-chandigarh","NO META TITLE, NO META DESC, NO H1 IN PAGE","","","0","","0","","","","https://www.mbawizards.co.in/gmatgre-coaching-in-chandigarh","YES","","Best GMATGRE Coaching in Chandigarh 2025 | MBA Wizards","54","Join MBA Wizards' GMATGRE coaching in Chandigarh. IIT alumni mentors, flexible batch timings, 700+ GMATGRE targets & personalized study plans. Free demo session!","161","GMATGRE coaching in Chandigarh","Best GMATGRE Coaching in Chandigarh – MBA Wizards","/src/app/gmatgre-coaching-in-chandigarh/page.tsx"
"43","Gmatgre Coaching In Delhi","https://www.mbawizards.co.in/gmatgre-coaching-in-delhi","NO META TITLE, NO META DESC, NO H1 IN PAGE","","","0","","0","","","","https://www.mbawizards.co.in/gmatgre-coaching-in-delhi","YES","","Best GMATGRE Coaching in Delhi 2025 | MBA Wizards","49","Join MBA Wizards' GMATGRE coaching in Delhi. IIT alumni mentors, flexible batch timings, 700+ GMATGRE targets & personalized study plans. Free demo session!","156","GMATGRE coaching in Delhi","Best GMATGRE Coaching in Delhi – MBA Wizards","/src/app/gmatgre-coaching-in-delhi/page.tsx"
"44","Gmatgre Coaching In Hyderabad","https://www.mbawizards.co.in/gmatgre-coaching-in-hyderabad","NO META TITLE, NO META DESC, NO H1 IN PAGE","","","0","","0","","","","https://www.mbawizards.co.in/gmatgre-coaching-in-hyderabad","YES","","Best GMATGRE Coaching in Hyderabad 2025 | MBA Wizards","53","Join MBA Wizards' GMATGRE coaching in Hyderabad. IIT alumni mentors, flexible batch timings, 700+ GMATGRE targets & personalized study plans. Free demo session!","160","GMATGRE coaching in Hyderabad","Best GMATGRE Coaching in Hyderabad – MBA Wizards","/src/app/gmatgre-coaching-in-hyderabad/page.tsx"
"45","Gmatgre Coaching In Mumbai","https://www.mbawizards.co.in/gmatgre-coaching-in-mumbai","NO META TITLE, NO META DESC, NO H1 IN PAGE","","","0","","0","","","","https://www.mbawizards.co.in/gmatgre-coaching-in-mumbai","YES","","Best GMATGRE Coaching in Mumbai 2025 | MBA Wizards","50","Join MBA Wizards' GMATGRE coaching in Mumbai. IIT alumni mentors, flexible batch timings, 700+ GMATGRE targets & personalized study plans. Free demo session!","157","GMATGRE coaching in Mumbai","Best GMATGRE Coaching in Mumbai – MBA Wizards","/src/app/gmatgre-coaching-in-mumbai/page.tsx"
"46","Gmatgre Coaching In Noida","https://www.mbawizards.co.in/gmatgre-coaching-in-noida","NO META TITLE, NO META DESC, NO H1 IN PAGE","","","0","","0","","","","https://www.mbawizards.co.in/gmatgre-coaching-in-noida","YES","","Best GMATGRE Coaching in Noida 2025 | MBA Wizards","49","Join MBA Wizards' GMATGRE coaching in Noida. IIT alumni mentors, flexible batch timings, 700+ GMATGRE targets & personalized study plans. Free demo session!","156","GMATGRE coaching in Noida","Best GMATGRE Coaching in Noida – MBA Wizards","/src/app/gmatgre-coaching-in-noida/page.tsx"
"47","Gmatgre Coaching In Pune","https://www.mbawizards.co.in/gmatgre-coaching-in-pune","NO META TITLE, NO META DESC, NO H1 IN PAGE","","","0","","0","","","","https://www.mbawizards.co.in/gmatgre-coaching-in-pune","YES","","Best GMATGRE Coaching in Pune 2025 | MBA Wizards","48","Join MBA Wizards' GMATGRE coaching in Pune. IIT alumni mentors, flexible batch timings, 700+ GMATGRE targets & personalized study plans. Free demo session!","155","GMATGRE coaching in Pune","Best GMATGRE Coaching in Pune – MBA Wizards","/src/app/gmatgre-coaching-in-pune/page.tsx"
"48","Gre Coaching Classes","https://www.mbawizards.co.in/gre-coaching-classes","NO META TITLE, NO META DESC, NO H1 IN PAGE","","","0","","0","","","","https://www.mbawizards.co.in/gre-coaching-classes","YES","","Best GRE Coaching Classes 2025 | Online & Offline | MBA Wizards","63","Crack GRE with MBA Wizards' expert coaching – personalized plans, live doubt sessions & proven strategies for 320+ scores. Online & offline batches available.","158","GRE coaching classes","Expert GRE Coaching – Score 320+ with MBA Wizards","/src/app/gre-coaching-classes/page.tsx"
"49","Gre Coaching In Bangalore","https://www.mbawizards.co.in/gre-coaching-in-bangalore","NO META TITLE, NO META DESC, NO H1 IN PAGE","","","0","","0","","","","https://www.mbawizards.co.in/gre-coaching-in-bangalore","YES","","Best GRE Coaching in Bangalore 2025 | MBA Wizards","49","Join MBA Wizards' GRE coaching in Bangalore. IIT alumni mentors, flexible batch timings, 700+ GRE targets & personalized study plans. Free demo session!","152","GRE coaching in Bangalore","Best GRE Coaching in Bangalore – MBA Wizards","/src/app/gre-coaching-in-bangalore/page.tsx"
"50","Gre Coaching In Chandigarh","https://www.mbawizards.co.in/gre-coaching-in-chandigarh","NO META TITLE, NO META DESC, NO H1 IN PAGE","","","0","","0","","","","https://www.mbawizards.co.in/gre-coaching-in-chandigarh","YES","","Best GRE Coaching in Chandigarh 2025 | MBA Wizards","50","Join MBA Wizards' GRE coaching in Chandigarh. IIT alumni mentors, flexible batch timings, 700+ GRE targets & personalized study plans. Free demo session!","153","GRE coaching in Chandigarh","Best GRE Coaching in Chandigarh – MBA Wizards","/src/app/gre-coaching-in-chandigarh/page.tsx"
"51","Gre Coaching In Delhi","https://www.mbawizards.co.in/gre-coaching-in-delhi","NO META TITLE, NO META DESC, NO H1 IN PAGE","","","0","","0","","","","https://www.mbawizards.co.in/gre-coaching-in-delhi","YES","","Best GRE Coaching in Delhi 2025 | MBA Wizards","45","Join MBA Wizards' GRE coaching in Delhi. IIT alumni mentors, flexible batch timings, 700+ GRE targets & personalized study plans. Free demo session!","148","GRE coaching in Delhi","Best GRE Coaching in Delhi – MBA Wizards","/src/app/gre-coaching-in-delhi/page.tsx"
"52","Gre Coaching In Gurgaon","https://www.mbawizards.co.in/gre-coaching-in-gurgaon","NO META TITLE, NO META DESC, NO H1 IN PAGE","","","0","","0","","","","https://www.mbawizards.co.in/gre-coaching-in-gurgaon","YES","","Best GRE Coaching in Gurgaon 2025 | MBA Wizards","47","Join MBA Wizards' GRE coaching in Gurgaon. IIT alumni mentors, flexible batch timings, 700+ GRE targets & personalized study plans. Free demo session!","150","GRE coaching in Gurgaon","Best GRE Coaching in Gurgaon – MBA Wizards","/src/app/gre-coaching-in-gurgaon/page.tsx"
"53","Gre Coaching In Hyderabad","https://www.mbawizards.co.in/gre-coaching-in-hyderabad","NO META TITLE, NO META DESC, NO H1 IN PAGE","","","0","","0","","","","https://www.mbawizards.co.in/gre-coaching-in-hyderabad","YES","","Best GRE Coaching in Hyderabad 2025 | MBA Wizards","49","Join MBA Wizards' GRE coaching in Hyderabad. IIT alumni mentors, flexible batch timings, 700+ GRE targets & personalized study plans. Free demo session!","152","GRE coaching in Hyderabad","Best GRE Coaching in Hyderabad – MBA Wizards","/src/app/gre-coaching-in-hyderabad/page.tsx"
"54","Gre Coaching In Mumbai","https://www.mbawizards.co.in/gre-coaching-in-mumbai","NO META TITLE, NO META DESC, NO H1 IN PAGE","","","0","","0","","","","https://www.mbawizards.co.in/gre-coaching-in-mumbai","YES","","Best GRE Coaching in Mumbai 2025 | MBA Wizards","46","Join MBA Wizards' GRE coaching in Mumbai. IIT alumni mentors, flexible batch timings, 700+ GRE targets & personalized study plans. Free demo session!","149","GRE coaching in Mumbai","Best GRE Coaching in Mumbai – MBA Wizards","/src/app/gre-coaching-in-mumbai/page.tsx"
"55","Gre Coaching In Noida","https://www.mbawizards.co.in/gre-coaching-in-noida","NO META TITLE, NO META DESC, NO H1 IN PAGE","","","0","","0","","","","https://www.mbawizards.co.in/gre-coaching-in-noida","YES","","Best GRE Coaching in Noida 2025 | MBA Wizards","45","Join MBA Wizards' GRE coaching in Noida. IIT alumni mentors, flexible batch timings, 700+ GRE targets & personalized study plans. Free demo session!","148","GRE coaching in Noida","Best GRE Coaching in Noida – MBA Wizards","/src/app/gre-coaching-in-noida/page.tsx"
"56","Gre Coaching In Pune","https://www.mbawizards.co.in/gre-coaching-in-pune","NO META TITLE, NO META DESC, NO H1 IN PAGE","","","0","","0","","","","https://www.mbawizards.co.in/gre-coaching-in-pune","YES","","Best GRE Coaching in Pune 2025 | MBA Wizards","44","Join MBA Wizards' GRE coaching in Pune. IIT alumni mentors, flexible batch timings, 700+ GRE targets & personalized study plans. Free demo session!","147","GRE coaching in Pune","Best GRE Coaching in Pune – MBA Wizards","/src/app/gre-coaching-in-pune/page.tsx"
"57","Mba Wizards Methodology","https://www.mbawizards.co.in/mba-wizards-methodology","NO META TITLE, NO META DESC, NO H1 IN PAGE","","","0","","0","","","","https://www.mbawizards.co.in/mba-wizards-methodology","YES","","MBA Wizards Teaching Methodology | How We Help You Score 700+","61","Discover the proven MBA Wizards methodology – IIT alumni-designed framework for GMAT, GRE and MBA admissions that delivers 700+ scores consistently.","148","MBA Wizards methodology","Our Methodology – How MBA Wizards Gets You 700+","/src/app/mba-wizards-methodology/page.tsx"
"58","Premium University Consulting Packages","https://www.mbawizards.co.in/premium-university-consulting-packages","NO META TITLE, NO META DESC, NO H1 IN PAGE","","","0","","0","","","","https://www.mbawizards.co.in/premium-university-consulting-packages","YES","","Premium MBA University Consulting Packages | MBA Wizards","56","End-to-end MBA university consulting by MBA Wizards – school selection, essay writing, interview prep & visa guidance for top global programs.","142","MBA university consulting","Premium University Consulting Packages","/src/app/premium-university-consulting-packages/page.tsx"
"59","Privacy Policy","https://www.mbawizards.co.in/privacy-policy","NO META TITLE, NO META DESC, NO H1 IN PAGE","","","0","","0","","","","https://www.mbawizards.co.in/privacy-policy","YES","","Privacy Policy | MBA Wizards","28","Read MBA Wizards' privacy policy to understand how we collect, use and protect your personal information.","105","MBA Wizards privacy policy","Privacy Policy","/src/app/privacy-policy/page.tsx"
"60","Refund Policy","https://www.mbawizards.co.in/refund-policy","NO META TITLE, NO META DESC, NO H1 IN PAGE","","","0","","0","","","","https://www.mbawizards.co.in/refund-policy","YES","","Refund Policy | MBA Wizards","27","Understand MBA Wizards' refund policy for coaching programs, consulting packages and other services.","100","MBA Wizards refund policy","Refund Policy","/src/app/refund-policy/page.tsx"
"61","Research Paper Drafting Publishing Services","https://www.mbawizards.co.in/research-paper-drafting-publishing-services","NO META TITLE, NO META DESC, NO H1 IN PAGE","","","0","","0","","","","https://www.mbawizards.co.in/research-paper-drafting-publishing-services","YES","","Research Paper Drafting & Publishing Services | MBA Wizards","59","Professional academic research paper drafting and publishing services by MBA Wizards. Expert guidance for journal submissions and conference papers.","148","research paper drafting services","Research Paper Drafting & Publishing Services","/src/app/research-paper-drafting-publishing-services/page.tsx"